Solid Stone & Jennifer Rene,Pushing Up (Arkham Knights Dark Path Remix),00:00:00
Daxson,Hakuba (Extended Mix),00:07:16
Markus Schulz,Sunrise Over the Bay (Daxson Extended Remix),00:11:50
Factor B,Sea of Thoughts (Original Mix),00:16:06
Craig Connelly & James Cottle,Got To Give (Extended Mix),00:19:31
Jean Luc & Nick Jay,Ayla 2023 (Extended Mix),00:24:49
Daxson,Stargazing (Extended Mix),00:27:49
Arkham Knights,Se7en Seconds Until Transfer (Extended Mix),00:33:03
Camephat & Lowes,Easier (Daxson Bootleg),00:38:28
Daxson,Who We Are (Extended Mix),00:43:10
Emma Hewitt & Daxson,WARRIOR (Extended Mix),00:47:55
Numa & Daxson,The Only Way (Extended Mix),00:53:39
Sunlounger & Susie Ledge,Don't Stop Me From Falling (Craig Connelly Extended Remix),00:59:10
Cold Blue,The Morning After (Extended Mix),01:04:31
Steve Allen,Arafel (Extended Mix),01:10:52
Driftmoon,Please Don't Go (Suncatcher Extended Remix),01:15:44
Jennifer Rene & Somna,Stars Collide (XiJaro & Pitch Extended Remix),01:21:37
John O'Callaghan,Big Sky feat. Audrey Gallagher (Agnelli & Nelson Remix),01:26:43
Cold Blue,Dance of the Giraffes (Extended Mix),01:32:48
EnMass,CQ (Seek You) (Original Mix),01:37:05
Metta & Glyde,Who We Are (Original Mix),01:43:38
